intersect_bp,f_orig_query,f_match,f_unique_to_query,f_unique_weighted,average_abund,median_abund,std_abund,filename,name,md5,f_match_orig,unique_intersect_bp,gather_result_rank,remaining_bp,query_filename,query_name,query_md5,query_bp,ksize,moltype,scaled,query_n_hashes,query_abundance,query_containment_ani,match_containment_ani,average_containment_ani,max_containment_ani,potential_false_negative,n_unique_weighted_found,sum_weighted_found,total_weighted_hashes,lineage
5416000,0.025149289077518875,0.9125526537489469,0.025149289077518875,0.014570822766639553,3.5984121122599704,3.0,2.2367097370006066,/bsuscratch/jessicabernardin/03_Exp1_metagenomics/13_sourmash/matches.zip,"GCF_016429105.1 Flavobacterium sp. ASV13 strain=ASV13, ASM1642910v1",16517ade4026d2d2a99323eb07430c7c,0.9125526537489469,5416000,0,70468000,/bsuhome/jessicabernardin/scratch/03_Exp1_metagenomics/03_Trim/DNA/paired/DNA9_P13_M01_WK9_2.trim.fastq.gz,DNA9_P13_M01_WK9,035cab9b,215354000,31,DNA,1000,215354,True,0.8879817808777146,0.9970524335179529,0.9425171071978338,0.9970524335179529,False,19489,19489,1337536,d__Bacteria;p__Bacteroidota;c__Bacteroidia;o__Flavobacteriales;f__Flavobacteriaceae;g__Flavobacterium;s__Flavobacterium chilense
4623000,0.02146697994929279,0.9946213425129088,0.02146697994929279,0.0787395628977463,22.781094527363184,22.0,16.35077095848961,/bsuscratch/jessicabernardin/03_Exp1_metagenomics/13_sourmash/matches.zip,"GCF_016428875.1 Xylophilus sp. ASV27 strain=ASV27, ASM1642887v1",f85162e548135bd23c305040ecaffc78,0.9946213425129088,4623000,1,65845000,/bsuhome/jessicabernardin/scratch/03_Exp1_metagenomics/03_Trim/DNA/paired/DNA9_P13_M01_WK9_2.trim.fastq.gz,DNA9_P13_M01_WK9,035cab9b,215354000,31,DNA,1000,215354,True,0.883458512474142,0.9998260417601179,0.94164227711713,0.9998260417601179,False,105317,124806,1337536,d__Bacteria;p__Pseudomonadota;c__Gammaproteobacteria;o__Burkholderiales;f__Burkholderiaceae_B;g__Xylophilus;s__Xylophilus sp016428875
4295000,0.01994390631239726,0.6095183486238532,0.019744235073414006,0.06713538925307432,21.118532455315147,21.0,8.655503847757341,/bsuscratch/jessicabernardin/03_Exp1_metagenomics/13_sourmash/matches.zip,"GCF_016027775.1 Delftia acidovorans strain=FDAARGOS_891, ASM1602777v1",859536f9de7e15e54103da181c6e4cb3,0.6156823394495413,4252000,2,61593000,/bsuhome/jessicabernardin/scratch/03_Exp1_metagenomics/03_Trim/DNA/paired/DNA9_P13_M01_WK9_2.trim.fastq.gz,DNA9_P13_M01_WK9,035cab9b,215354000,31,DNA,1000,215354,True,0.8813637181573493,0.984475822146261,0.932919770151805,0.984475822146261,False,89796,214602,1337536,d__Bacteria;p__Pseudomonadota;c__Gammaproteobacteria;o__Burkholderiales;f__Burkholderiaceae_B;g__Comamonas;s__Comamonas acidovorans
4189000,0.019451693490717608,0.9594501718213059,0.01944704997353195,0.01702234556677353,5.436485195797517,5.0,2.9749071988801488,/bsuscratch/jessicabernardin/03_Exp1_metagenomics/13_sourmash/matches.zip,"GCF_016428745.1 Elizabethkingia sp. ASV34 strain=ASV34, ASM1642874v1",c81c05f60ced59b403938042c0028901,0.9596792668957618,4188000,3,57405000,/bsuhome/jessicabernardin/scratch/03_Exp1_metagenomics/03_Trim/DNA/paired/DNA9_P13_M01_WK9_2.trim.fastq.gz,DNA9_P13_M01_WK9,035cab9b,215354000,31,DNA,1000,215354,True,0.8806535253950903,0.9986732632387474,0.9396633943169188,0.9986732632387474,False,22768,237370,1337536,d__Bacteria;p__Bacteroidota;c__Bacteroidia;o__Flavobacteriales;f__Weeksellaceae;g__Elizabethkingia;s__Elizabethkingia miricola
3786000,0.017580356064897797,0.7239005736137667,0.017580356064897797,0.009280497870711517,3.278658214474379,3.0,2.2803401697870447,/bsuscratch/jessicabernardin/03_Exp1_metagenomics/13_sourmash/matches.zip,"GCF_900446875.1 Citrobacter freundii strain=NCTC6266, 52347_A01",bab7438ab057232707c7ec81d016b093,0.7239005736137667,3786000,4,53619000,/bsuhome/jessicabernardin/scratch/03_Exp1_metagenomics/03_Trim/DNA/paired/DNA9_P13_M01_WK9_2.trim.fastq.gz,DNA9_P13_M01_WK9,035cab9b,215354000,31,DNA,1000,215354,True,0.8777846647021779,0.9896315071223529,0.9337080859122654,0.9896315071223529,False,12413,249783,1337536,d__Bacteria;p__Pseudomonadota;c__Gammaproteobacteria;o__Enterobacterales;f__Enterobacteriaceae;g__Citrobacter;s__Citrobacter braakii
3329000,0.015458268711052499,0.5042514424536897,0.015421120573567242,0.0059594657639121485,2.4001806684733515,2.0,10.363916624923739,/bsuscratch/jessicabernardin/03_Exp1_metagenomics/13_sourmash/matches.zip,"GCF_016428805.1 Achromobacter sp. ASV32 strain=ASV32, ASM1642880v1",7611d959c597eb2462948a8ef0812806,0.505466140297601,3321000,5,50298000,/bsuhome/jessicabernardin/scratch/03_Exp1_metagenomics/03_Trim/DNA/paired/DNA9_P13_M01_WK9_2.trim.fastq.gz,DNA9_P13_M01_WK9,035cab9b,215354000,31,DNA,1000,215354,True,0.8741497424456811,0.9782315815965203,0.9261906620211007,0.9782315815965203,False,7971,257754,1337536,d__Bacteria;p__Pseudomonadota;c__Gammaproteobacteria;o__Burkholderiales;f__Burkholderiaceae_C;g__Achromobacter;s__Achromobacter sp016428805
3260000,0.015137866025242159,0.7367231638418079,0.015137866025242159,0.04985734963395378,20.455828220858894,20.0,6.155615902258368,/bsuscratch/jessicabernardin/03_Exp1_metagenomics/13_sourmash/matches.zip,"GCF_016429155.1 Pedobacter sp. ASV12 strain=ASV12, ASM1642915v1",8ea15f9c0e21bf88fa984f9c1e9dea06,0.7367231638418079,3260000,6,47038000,/bsuhome/jessicabernardin/scratch/03_Exp1_metagenomics/03_Trim/DNA/paired/DNA9_P13_M01_WK9_2.trim.fastq.gz,DNA9_P13_M01_WK9,035cab9b,215354000,31,DNA,1000,215354,True,0.8735593335525887,0.990192184944992,0.9318757592487903,0.990192184944992,False,66686,324440,1337536,d__Bacteria;p__Bacteroidota;c__Bacteroidia;o__Sphingobacteriales;f__Sphingobacteriaceae;g__Pedobacter;s__Pedobacter sp016429155
3247000,0.015077500301828617,0.785039941902687,0.015058926233085988,0.058049278673620745,23.94172062904718,23.0,8.703708617237142,/bsuscratch/jessicabernardin/03_Exp1_metagenomics/13_sourmash/matches.zip,"GCA_023401895.1 Proteobacteria bacterium, ASM2340189v1",8032d226c34445df18cf6335cc7972cd,0.7860082304526749,3243000,7,43795000,/bsuhome/jessicabernardin/scratch/03_Exp1_metagenomics/03_Trim/DNA/paired/DNA9_P13_M01_WK9_2.trim.fastq.gz,DNA9_P13_M01_WK9,035cab9b,215354000,31,DNA,1000,215354,True,0.87344674458289,0.9922627326206942,0.932854738601792,0.9922627326206942,False,77643,402083,1337536,d__Bacteria;p__Pseudomonadota;c__Gammaproteobacteria;o__Burkholderiales;f__Aquaspirillaceae;g__Microvirgula;s__Microvirgula aerodenitrificans
3070000,0.01425559775996731,0.6964732650739477,0.014213806105296396,0.08102361357002727,35.40411630186214,34.0,15.561379120612827,/bsuscratch/jessicabernardin/03_Exp1_metagenomics/13_sourmash/matches.zip,"GCF_016429115.1 Aquitalea sp. ASV15 strain=ASV15, ASM1642911v1",05a02e5d6bb4ca8a0a6dbe998cdab2c8,0.6985210466439136,3061000,8,40734000,/bsuhome/jessicabernardin/scratch/03_Exp1_metagenomics/03_Trim/DNA/paired/DNA9_P13_M01_WK9_2.trim.fastq.gz,DNA9_P13_M01_WK9,035cab9b,215354000,31,DNA,1000,215354,True,0.8718688127751448,0.988492849598786,0.9301808311869655,0.988492849598786,False,108372,510455,1337536,d__Bacteria;p__Pseudomonadota;c__Gammaproteobacteria;o__Burkholderiales;f__Chromobacteriaceae;g__Aquitalea;s__Aquitalea magnusonii
2661000,0.012356399231033554,0.32602034563059196,0.012351755713847896,0.0035886884539930142,1.8045112781954886,1.0,1.5193421935168596,/bsuscratch/jessicabernardin/03_Exp1_metagenomics/13_sourmash/matches.zip,"GCF_016429015.1 Rhizobium sp. ASV20 strain=ASV20, ASM1642901v1",aa2cb872a478ccf7e950c9f040733823,0.32614290967030274,2660000,9,38074000,/bsuhome/jessicabernardin/scratch/03_Exp1_metagenomics/03_Trim/DNA/paired/DNA9_P13_M01_WK9_2.trim.fastq.gz,DNA9_P13_M01_WK9,035cab9b,215354000,31,DNA,1000,215354,True,0.8678569122015715,0.9645027760613676,0.9161798441314695,0.9645027760613676,False,4800,515255,1337536,d__Bacteria;p__Pseudomonadota;c__Alphaproteobacteria;o__Rhizobiales;f__Rhizobiaceae;g__Rhizobium;s__Rhizobium sp016429015
2568000,0.011924552132767443,0.29358220993201983,0.011831681789054301,0.003415235178716685,1.792778649921507,1.0,1.2921978051539345,/bsuscratch/jessicabernardin/03_Exp1_metagenomics/13_sourmash/matches.zip,"GCF_024186905.1 Cupriavidus basilensis strain=SRS, ASM2418690v1",ff2cf5d8ed58c3e7d8bc4e4249b015da,0.2958866228828206,2548000,10,35526000,/bsuhome/jessicabernardin/scratch/03_Exp1_metagenomics/03_Trim/DNA/paired/DNA9_P13_M01_WK9_2.trim.fastq.gz,DNA9_P13_M01_WK9,035cab9b,215354000,31,DNA,1000,215354,True,0.8668615586589826,0.961478388319495,0.9141699734892388,0.961478388319495,False,4568,519823,1337536,d__Bacteria;p__Pseudomonadota;c__Gammaproteobacteria;o__Burkholderiales;f__Burkholderiaceae;g__Cupriavidus;s__Cupriavidus basilensis
2489000,0.011557714275100533,0.45089123317570023,0.011511279103243961,0.0032926216565385903,1.7765227914481645,1.0,1.080501882859704,/bsuscratch/jessicabernardin/03_Exp1_metagenomics/13_sourmash/matches.zip,"GCF_016428815.1 Serratia sp. ASV30 strain=ASV30, ASM1642881v1",e5a07ef789dd06e9a4027ff8d8f0a2c1,0.4527100763914151,2479000,11,33047000,/bsuhome/jessicabernardin/scratch/03_Exp1_metagenomics/03_Trim/DNA/paired/DNA9_P13_M01_WK9_2.trim.fastq.gz,DNA9_P13_M01_WK9,035cab9b,215354000,31,DNA,1000,215354,True,0.8659882481986767,0.9747593833768264,0.9203738157877516,0.9747593833768264,False,4404,524227,1337536,d__Bacteria;p__Pseudomonadota;c__Gammaproteobacteria;o__Enterobacterales;f__Enterobacteriaceae;g__Serratia_A;s__Serratia_A fonticola
2303000,0.01069402007856831,0.3881000676132522,0.010661515458268711,0.003756160581846021,2.1881533101045294,2.0,1.432377864194358,/bsuscratch/jessicabernardin/03_Exp1_metagenomics/13_sourmash/matches.zip,"GCA_900469425.1 Rhizobiales bacterium, AFS048031",15f6d186cd3070a04eb848e7129e3134,0.38928329952670726,2296000,12,30751000,/bsuhome/jessicabernardin/scratch/03_Exp1_metagenomics/03_Trim/DNA/paired/DNA9_P13_M01_WK9_2.trim.fastq.gz,DNA9_P13_M01_WK9,035cab9b,215354000,31,DNA,1000,215354,True,0.8638212889538075,0.9700246416928453,0.9169229653233264,0.9700246416928453,False,5024,529251,1337536,d__Bacteria;p__Pseudomonadota;c__Alphaproteobacteria;o__Rhizobiales;f__Rhizobiaceae;g__Agrobacterium;s__Agrobacterium fabacearum
2259000,0.010489705322399399,0.4277691711851278,0.010257529463116543,0.003135616536676396,1.8985966500679041,2.0,1.1947685971480817,/bsuscratch/jessicabernardin/03_Exp1_metagenomics/13_sourmash/matches.zip,"GCF_001642805.2 Serratia surfactantfaciens strain=YD25, ASM164280v2",bcbdf6604d58a491d2d3cd30c1cc4e4e,0.4374515879163439,2209000,13,28542000,/bsuhome/jessicabernardin/scratch/03_Exp1_metagenomics/03_Trim/DNA/paired/DNA9_P13_M01_WK9_2.trim.fastq.gz,DNA9_P13_M01_WK9,035cab9b,215354000,31,DNA,1000,215354,True,0.8632839257182209,0.9736818995696299,0.9184829126439253,0.9736818995696299,False,4194,533445,1337536,d__Bacteria;p__Pseudomonadota;c__Gammaproteobacteria;o__Enterobacterales;f__Enterobacteriaceae;g__Serratia;s__Serratia surfactantfaciens
1944000,0.00902699740891741,0.25728669846316904,0.009017710374546095,0.002452270443561893,1.6889804325437694,1.0,1.0409098900506077,/bsuscratch/jessicabernardin/03_Exp1_metagenomics/13_sourmash/matches.zip,"GCF_011602025.1 Rhodococcus sp. IC4_135 strain=IC4_135, ASM1160202v1",2f835b95fd9575bd10a514907d8e438a,0.2575516693163752,1942000,14,26600000,/bsuhome/jessicabernardin/scratch/03_Exp1_metagenomics/03_Trim/DNA/paired/DNA9_P13_M01_WK9_2.trim.fastq.gz,DNA9_P13_M01_WK9,035cab9b,215354000,31,DNA,1000,215354,True,0.8591119983791067,0.9571844283327563,0.9081482133559315,0.9571844283327563,False,3280,536725,1337536,d__Bacteria;p__Actinomycetota;c__Actinomycetia;o__Mycobacteriales;f__Mycobacteriaceae;g__Rhodococcus;s__Rhodococcus erythropolis_D
1804000,0.008376905002925416,0.31843971631205675,0.008339756865440159,0.0024859143978180776,1.851336302895323,1.0,1.1591859310558525,/bsuscratch/jessicabernardin/03_Exp1_metagenomics/13_sourmash/matches.zip,"GCF_003208655.1 Pedobacter nutrimenti strain=DSM 27372, ASM320865v1",90e8ff05ba9cc526d5d3b9ccb5958dd0,0.3198581560283688,1796000,15,24804000,/bsuhome/jessicabernardin/scratch/03_Exp1_metagenomics/03_Trim/DNA/paired/DNA9_P13_M01_WK9_2.trim.fastq.gz,DNA9_P13_M01_WK9,035cab9b,215354000,31,DNA,1000,215354,True,0.8570431664579569,0.9638975686769148,0.9104703675674358,0.9638975686769148,False,3325,540050,1337536,d__Bacteria;p__Bacteroidota;c__Bacteroidia;o__Sphingobacteriales;f__Sphingobacteriaceae;g__Pedobacter;s__Pedobacter nutrimenti
1789000,0.00830725224514056,0.595134955014995,0.008293321693583587,0.00520210297143404,3.8958566629339306,3.0,2.601643607817424,/bsuscratch/jessicabernardin/03_Exp1_metagenomics/13_sourmash/matches.zip,"GCA_017304125.1 Sphingomonadales bacterium, ASM1730412v1",0c90f3a3842f682e6f057b9a3fe4c6bd,0.5961346217927358,1786000,16,23018000,/bsuhome/jessicabernardin/scratch/03_Exp1_metagenomics/03_Trim/DNA/paired/DNA9_P13_M01_WK9_2.trim.fastq.gz,DNA9_P13_M01_WK9,035cab9b,215354000,31,DNA,1000,215354,True,0.8568123594040392,0.9834517181185238,0.9201320387612815,0.9834517181185238,False,6958,547008,1337536,d__Bacteria;p__Pseudomonadota;c__Alphaproteobacteria;o__Sphingomonadales;f__Sphingomonadaceae;g__Sphingomonas;s__Sphingomonas sp017304125
1766000,0.008200451349870446,0.311824144655203,0.008167946729570845,0.0039049416240011484,2.969300739056282,2.0,5.633507639371676,/bsuscratch/jessicabernardin/03_Exp1_metagenomics/13_sourmash/matches.zip,"GCF_016428755.1 Bosea sp. ASV33 strain=ASV33, ASM1642875v1",39cb59af4b67a45e166f8d1d2944f137,0.3130650593866336,1759000,17,21259000,/bsuhome/jessicabernardin/scratch/03_Exp1_metagenomics/03_Trim/DNA/paired/DNA9_P13_M01_WK9_2.trim.fastq.gz,DNA9_P13_M01_WK9,035cab9b,215354000,31,DNA,1000,215354,True,0.8564547921998936,0.9632303283730385,0.909842560286466,0.9632303283730385,False,5223,552231,1337536,d__Bacteria;p__Pseudomonadota;c__Alphaproteobacteria;o__Rhizobiales;f__Beijerinckiaceae;g__Bosea;s__Bosea sp016428755
1428000,0.0066309425411183445,0.1947606638321218,0.006593794403633088,0.0017681767070194746,1.6654929577464788,1.0,1.1700816015029716,/bsuscratch/jessicabernardin/03_Exp1_metagenomics/13_sourmash/matches.zip,"GCF_001020715.1 Pseudomonas fluorescens strain=AU11706, ASM102071v1",c6977b40133feb246e2dc2da1be2514c,0.19585790700864078,1420000,18,19839000,/bsuhome/jessicabernardin/scratch/03_Exp1_metagenomics/03_Trim/DNA/paired/DNA9_P13_M01_WK9_2.trim.fastq.gz,DNA9_P13_M01_WK9,035cab9b,215354000,31,DNA,1000,215354,True,0.8506055936522557,0.9487666066838277,0.8996861001680417,0.9487666066838277,False,2365,554596,1337536,d__Bacteria;p__Pseudomonadota;c__Gammaproteobacteria;o__Pseudomonadales;f__Pseudomonadaceae;g__Pseudomonas_E;s__Pseudomonas_E fluorescens_AP
1402000,0.00651021109429126,0.22111521774063955,0.006389479647464175,0.0016380867505622278,1.592296511627907,1.0,0.9261535637834374,/bsuscratch/jessicabernardin/03_Exp1_metagenomics/13_sourmash/matches.zip,"GCF_016429005.1 Pedobacter sp. ASV19 strain=ASV19, ASM1642900v1",2794c608b3395607556af06b68bcb479,0.22529326691306445,1376000,19,18463000,/bsuhome/jessicabernardin/scratch/03_Exp1_metagenomics/03_Trim/DNA/paired/DNA9_P13_M01_WK9_2.trim.fastq.gz,DNA9_P13_M01_WK9,035cab9b,215354000,31,DNA,1000,215354,True,0.8501015513789217,0.9530614648928899,0.9015815081359058,0.9530614648928899,False,2191,556787,1337536,d__Bacteria;p__Bacteroidota;c__Bacteroidia;o__Sphingobacteriales;f__Sphingobacteriaceae;g__Pedobacter;s__Pedobacter sp016429005
1272000,0.0059065538601558365,0.18451256719453726,0.005897266825784522,0.0019311629743049906,2.0338582677165356,2.0,1.3303081445437817,/bsuscratch/jessicabernardin/03_Exp1_metagenomics/13_sourmash/matches.zip,"GCF_016919365.1 Sphingobacterium siyangense strain=PDNC006, ASM1691936v1",66c2c1e2c10872d77cf97c8303222119,0.18480313816649716,1270000,20,17193000,/bsuhome/jessicabernardin/scratch/03_Exp1_metagenomics/03_Trim/DNA/paired/DNA9_P13_M01_WK9_2.trim.fastq.gz,DNA9_P13_M01_WK9,035cab9b,215354000,31,DNA,1000,215354,True,0.847437257543367,0.9469901518982072,0.8972137047207871,0.9469901518982072,False,2583,559370,1337536,d__Bacteria;p__Bacteroidota;c__Bacteroidia;o__Sphingobacteriales;f__Sphingobacteriaceae;g__Sphingobacterium;s__Sphingobacterium siyangense
1172000,0.005442202141590126,0.1782145782145782,0.00505214669799493,0.001443699459304273,1.7748161764705883,1.0,1.2358872301390103,/bsuscratch/jessicabernardin/03_Exp1_metagenomics/13_sourmash/matches.zip,"GCA_013823325.1 Methylobacterium sp., ASM1382332v1",f3ae498999dd8cb260bb75399301f42a,0.19197379197379197,1088000,21,16105000,/bsuhome/jessicabernardin/scratch/03_Exp1_metagenomics/03_Trim/DNA/paired/DNA9_P13_M01_WK9_2.trim.fastq.gz,DNA9_P13_M01_WK9,035cab9b,215354000,31,DNA,1000,215354,True,0.8452019165848025,0.9481537616200681,0.8966778391024353,0.9481537616200681,False,1931,561301,1337536,d__Bacteria;p__Pseudomonadota;c__Alphaproteobacteria;o__Rhizobiales;f__Beijerinckiaceae;g__Bosea;s__Bosea sp013823325
873000,0.0040537905030786515,0.13318077803203662,0.0040537905030786515,0.0009345542848940141,1.43184421534937,1.0,0.7244658583086258,/bsuscratch/jessicabernardin/03_Exp1_metagenomics/13_sourmash/matches.zip,"GCA_017849635.1 Niastella sp., ASM1784963v1",e7742d9b7797f17c5dc3357382d11661,0.13318077803203662,873000,22,15232000,/bsuhome/jessicabernardin/scratch/03_Exp1_metagenomics/03_Trim/DNA/paired/DNA9_P13_M01_WK9_2.trim.fastq.gz,DNA9_P13_M01_WK9,035cab9b,215354000,31,DNA,1000,215354,True,0.8372096692252692,0.9370357898125012,0.8871227295188853,0.9370357898125012,False,1250,562551,1337536,d__Bacteria;p__Bacteroidota;c__Bacteroidia;o__Chitinophagales;f__Chitinophagaceae;g__PMP191F;s__PMP191F sp001302245
4215000,0.019572424937544693,0.11123649846848299,0.0032040268581034017,0.010677843437485048,20.69855072463768,20.5,6.155391009457569,/bsuscratch/jessicabernardin/03_Exp1_metagenomics/13_sourmash/matches.zip,"GCF_016428765.1 Delftia sp. ASV31 strain=ASV31, ASM1642876v1",ab5f5da1c65dd8a765deada6390f30db,0.6795099145574722,690000,23,14542000,/bsuhome/jessicabernardin/scratch/03_Exp1_metagenomics/03_Trim/DNA/paired/DNA9_P13_M01_WK9_2.trim.fastq.gz,DNA9_P13_M01_WK9,035cab9b,215354000,31,DNA,1000,215354,True,0.8808293199474009,0.9876133713122828,0.9342213456298418,0.9876133713122828,False,14282,576833,1337536,d__Bacteria;p__Pseudomonadota;c__Gammaproteobacteria;o__Burkholderiales;f__Burkholderiaceae_B;g__Comamonas;s__Comamonas acidovorans
686000,0.0031854527893607734,0.14396887159533073,0.003092582445647631,0.0008179219101392411,1.6426426426426426,1.0,2.0682604102356095,/bsuscratch/jessicabernardin/03_Exp1_metagenomics/13_sourmash/matches.zip,"GCA_017418975.1 Sphingomonas sp., ASM1741897v1",5bc59ff9ef39ade5aa59f81c727a47f1,0.14829226113272806,666000,24,13876000,/bsuhome/jessicabernardin/scratch/03_Exp1_metagenomics/03_Trim/DNA/paired/DNA9_P13_M01_WK9_2.trim.fastq.gz,DNA9_P13_M01_WK9,035cab9b,215354000,31,DNA,1000,215354,True,0.830724721122317,0.940290150002845,0.8855074355625809,0.940290150002845,False,1094,577927,1337536,d__Bacteria;p__Pseudomonadota;c__Alphaproteobacteria;o__Sphingomonadales;f__Sphingomonadaceae;g__Sphingomonas;s__Sphingomonas sp017418975
460000,0.002136017905402268,0.10551724137931034,0.002131374388216611,0.003263463562849897,9.509803921568627,9.0,4.0746588887405615,/bsuscratch/jessicabernardin/03_Exp1_metagenomics/13_sourmash/matches.zip,"GCA_001898805.1 Leifsonia sp. 71-9, ASM189880v1",0466e642e0db5c61169fd3fbfc865a0c,0.10574712643678161,459000,25,13417000,/bsuhome/jessicabernardin/scratch/03_Exp1_metagenomics/03_Trim/DNA/paired/DNA9_P13_M01_WK9_2.trim.fastq.gz,DNA9_P13_M01_WK9,035cab9b,215354000,31,DNA,1000,215354,True,0.8200837798493952,0.9300896096152734,0.8750866947323344,0.9300896096152734,False,4365,582292,1337536,d__Bacteria;p__Actinomycetota;c__Actinomycetia;o__Actinomycetales;f__Microbacteriaceae;g__Leifsonia;s__Leifsonia sp001898805
3000000,0.013930551556971312,0.09535787788703408,0.0019363466664190125,0.010498409014785397,33.673860911270985,33.0,9.774636228050959,/bsuscratch/jessicabernardin/03_Exp1_metagenomics/13_sourmash/matches.zip,"GCF_003202035.1 Aquitalea magnusonii strain=DSM 25134, ASM320203v1",ce15e4d4660f81388e9ffc5d2e7c35d6,0.686027898467871,417000,26,13000000,/bsuhome/jessicabernardin/scratch/03_Exp1_metagenomics/03_Trim/DNA/paired/DNA9_P13_M01_WK9_2.trim.fastq.gz,DNA9_P13_M01_WK9,035cab9b,215354000,31,DNA,1000,215354,True,0.8712203478496916,0.987917554346103,0.9295689510978973,0.987917554346103,False,14042,596334,1337536,d__Bacteria;p__Pseudomonadota;c__Gammaproteobacteria;o__Burkholderiales;f__Chromobacteriaceae;g__Aquitalea;s__Aquitalea magnusonii
2299000,0.010675446009825682,0.06488740617180984,0.0018063281852206134,0.0006302634097325231,2.167095115681234,2.0,1.3377443485620935,/bsuscratch/jessicabernardin/03_Exp1_metagenomics/13_sourmash/matches.zip,"GCA_900472565.1 Rhizobiales bacterium, AFS085172",4a0daf3403e84c42c58b4131c5bf62e9,0.3834862385321101,389000,27,12611000,/bsuhome/jessicabernardin/scratch/03_Exp1_metagenomics/03_Trim/DNA/paired/DNA9_P13_M01_WK9_2.trim.fastq.gz,DNA9_P13_M01_WK9,035cab9b,215354000,31,DNA,1000,215354,True,0.8637728501383221,0.9695552752908759,0.916664062714599,0.9695552752908759,False,843,597177,1337536,d__Bacteria;p__Pseudomonadota;c__Alphaproteobacteria;o__Rhizobiales;f__Rhizobiaceae;g__Agrobacterium;s__Agrobacterium fabacearum
391000,0.0018156152195919278,0.10062893081761007,0.001783110599292328,0.0004657818555911766,1.6223958333333333,1.0,1.1926941183650732,/bsuscratch/jessicabernardin/03_Exp1_metagenomics/13_sourmash/matches.zip,"GCF_016654005.1 Brevundimonas nasdae strain=JCM 11415, ASM1665400v1",68e8c936b71e007f699e52fb14cb07d2,0.10246331236897274,384000,28,12227000,/bsuhome/jessicabernardin/scratch/03_Exp1_metagenomics/03_Trim/DNA/paired/DNA9_P13_M01_WK9_2.trim.fastq.gz,DNA9_P13_M01_WK9,035cab9b,215354000,31,DNA,1000,215354,True,0.815795702859053,0.9291436246907377,0.8724696637748954,0.9291436246907377,False,623,597800,1337536,d__Bacteria;p__Pseudomonadota;c__Alphaproteobacteria;o__Caulobacterales;f__Caulobacteraceae;g__Brevundimonas;s__Brevundimonas nasdae
478000,0.0022196012147440956,0.0403942997964213,0.0017506059789927282,0.00044783841332121156,1.5888594164456233,1.0,1.448747020648666,/bsuscratch/jessicabernardin/03_Exp1_metagenomics/13_sourmash/matches.zip,"GCA_001399595.1 Variovorax paradoxus strain=H095, ASM139959v1",382fd016a9b190ed4da859be2ddf69f5,0.05121611486124505,377000,29,11850000,/bsuhome/jessicabernardin/scratch/03_Exp1_metagenomics/03_Trim/DNA/paired/DNA9_P13_M01_WK9_2.trim.fastq.gz,DNA9_P13_M01_WK9,035cab9b,215354000,31,DNA,1000,215354,True,0.8210998376356271,0.9085900066943914,0.8648449221650092,0.9085900066943914,False,599,598399,1337536,d__Bacteria;p__Pseudomonadota;c__Gammaproteobacteria;o__Burkholderiales;f__Burkholderiaceae_B;g__Variovorax;s__Variovorax sp900115375
389000,0.0018063281852206134,0.0713452566096423,0.0017041708071361572,0.0004762488635819896,1.7356948228882834,1.0,1.0664085718038816,/bsuscratch/jessicabernardin/03_Exp1_metagenomics/13_sourmash/matches.zip,"GCF_022836935.1 Ancylobacter polymorphus strain=ZM13, ASM2283693v1",cac2c5bf5e42cad7fddfa3b0338d93ce,0.07562208398133748,367000,30,11483000,/bsuhome/jessicabernardin/scratch/03_Exp1_metagenomics/03_Trim/DNA/paired/DNA9_P13_M01_WK9_2.trim.fastq.gz,DNA9_P13_M01_WK9,035cab9b,215354000,31,DNA,1000,215354,True,0.815660759928161,0.9200837818284197,0.8678722708782903,0.9200837818284197,False,637,599036,1337536,d__Bacteria;p__Pseudomonadota;c__Alphaproteobacteria;o__Rhizobiales;f__Xanthobacteraceae;g__Ancylobacter;s__Ancylobacter polymorphus
373000,0.0017320319102500999,0.0842735436334331,0.0016995272899505002,0.003252996554859084,11.887978142076502,11.0,5.447315251853351,/bsuscratch/jessicabernardin/03_Exp1_metagenomics/13_sourmash/matches.zip,"GCF_013364355.1 Stenotrophomonas sp. NA06056 strain=NA06056, ASM1336435v1",ece7067c1d31b67006c6a26886af1c3e,0.08588533271931845,366000,31,11117000,/bsuhome/jessicabernardin/scratch/03_Exp1_metagenomics/03_Trim/DNA/paired/DNA9_P13_M01_WK9_2.trim.fastq.gz,DNA9_P13_M01_WK9,035cab9b,215354000,31,DNA,1000,215354,True,0.8145563951488317,0.9238687779105428,0.8692125865296872,0.9238687779105428,False,4351,603387,1337536,d__Bacteria;p__Pseudomonadota;c__Gammaproteobacteria;o__Xanthomonadales;f__Xanthomonadaceae;g__Stenotrophomonas;s__Stenotrophomonas sp013364355
715000,0.0033201147877448293,0.0650543682039745,0.0016113004634230152,0.0007513816450547873,2.8962536023054755,2.0,2.061213884875056,/bsuscratch/jessicabernardin/03_Exp1_metagenomics/13_sourmash/matches.zip,"GCF_024655635.1 Bosea sp. 47.2.35 strain=47.2.35, ASM2465563v1",7ad1d33c279f4a16c885ee9a26e5e50b,0.13404574428196475,347000,32,10770000,/bsuhome/jessicabernardin/scratch/03_Exp1_metagenomics/03_Trim/DNA/paired/DNA9_P13_M01_WK9_2.trim.fastq.gz,DNA9_P13_M01_WK9,035cab9b,215354000,31,DNA,1000,215354,True,0.8318350136096139,0.9372314898672105,0.8845332517384121,0.9372314898672105,False,1005,604392,1337536,d__Bacteria;p__Pseudomonadota;c__Alphaproteobacteria;o__Rhizobiales;f__Beijerinckiaceae;g__Bosea;s__Bosea sp024655635
612000,0.0028418325176221477,0.03889955214331414,0.0014116292244397597,0.00034242068998516673,1.506578947368421,1.0,0.903186686757358,/bsuscratch/jessicabernardin/03_Exp1_metagenomics/13_sourmash/matches.zip,"GCF_016429255.1 Rhizobium sp. ASV8 strain=ASV8, ASM1642925v1",a49478a5e63eb276530fb93c8a2331a7,0.0783109404990403,304000,33,10466000,/bsuhome/jessicabernardin/scratch/03_Exp1_metagenomics/03_Trim/DNA/paired/DNA9_P13_M01_WK9_2.trim.fastq.gz,DNA9_P13_M01_WK9,035cab9b,215354000,31,DNA,1000,215354,True,0.8276715275991343,0.9211213590794073,0.8743964433392708,0.9211213590794073,False,458,604850,1337536,d__Bacteria;p__Pseudomonadota;c__Alphaproteobacteria;o__Rhizobiales;f__Rhizobiaceae;g__Rhizobium;s__Rhizobium sp016429255
323000,0.0014998560509672447,0.047619047619047616,0.0014069857072541026,0.0004059703813579597,1.7920792079207921,1.0,1.2049142912139643,/bsuscratch/jessicabernardin/03_Exp1_metagenomics/13_sourmash/matches.zip,"GCF_020616515.1 Mesorhizobium sp. PAMC28654 strain=PAMC28654, ASM2061651v1",4ae6bf0a2027c316bab547a1a4c91147,0.05076221907905076,303000,34,10163000,/bsuhome/jessicabernardin/scratch/03_Exp1_metagenomics/03_Trim/DNA/paired/DNA9_P13_M01_WK9_2.trim.fastq.gz,DNA9_P13_M01_WK9,035cab9b,215354000,31,DNA,1000,215354,True,0.8107833566708254,0.9083291361729099,0.8595562464218676,0.9083291361729099,False,543,605393,1337536,d__Bacteria;p__Pseudomonadota;c__Alphaproteobacteria;o__Rhizobiales;f__Rhizobiaceae;g__Mesorhizobium;s__Mesorhizobium sp020616515
3768000,0.01749677275555597,0.04563552833078101,0.001383768121325817,0.004541933824584909,20.385906040268456,21.0,7.049351630276288,/bsuscratch/jessicabernardin/03_Exp1_metagenomics/13_sourmash/matches.zip,"GCF_001622915.1 Delftia sp. GW456-R20 strain=GW456-R20, ASM162291v1",2531ee0f4d19757016bb622e20a78c0a,0.5770290964777948,298000,35,9865000,/bsuhome/jessicabernardin/scratch/03_Exp1_metagenomics/03_Trim/DNA/paired/DNA9_P13_M01_WK9_2.trim.fastq.gz,DNA9_P13_M01_WK9,035cab9b,215354000,31,DNA,1000,215354,True,0.8776497313668342,0.9824188807271549,0.9300343060469946,0.9824188807271549,False,6075,611468,1337536,d__Bacteria;p__Pseudomonadota;c__Gammaproteobacteria;o__Burkholderiales;f__Burkholderiaceae_B;g__Comamonas;s__Comamonas acidovorans
1082000,0.005024285594880986,0.04414645171010999,0.0013605505353975315,0.00044783841332121156,2.044368600682594,2.0,1.3706120904029677,/bsuscratch/jessicabernardin/03_Exp1_metagenomics/13_sourmash/matches.zip,"GCF_902706145.1 Sphingobacterium sp. 18053, n18053v0.1",a449fc05713cb8288b9730c88c199a86,0.16302546331173723,293000,36,9572000,/bsuhome/jessicabernardin/scratch/03_Exp1_metagenomics/03_Trim/DNA/paired/DNA9_P13_M01_WK9_2.trim.fastq.gz,DNA9_P13_M01_WK9,035cab9b,215354000,31,DNA,1000,215354,True,0.8430262678832906,0.9431676259394026,0.8930969469113466,0.9431676259394026,False,599,612067,1337536,d__Bacteria;p__Bacteroidota;c__Bacteroidia;o__Sphingobacteriales;f__Sphingobacteriaceae;g__Sphingobacterium;s__Sphingobacterium siyangense
287000,0.0013326894322835889,0.06460198403097024,0.0012398190885704468,0.00030952437915689743,1.550561797752809,1.0,0.8212245714436676,/bsuscratch/jessicabernardin/03_Exp1_metagenomics/13_sourmash/matches.zip,"GCA_017305815.1 Rhizobiales bacterium, ASM1730581v1",c552316b9d168aed2dd5bf8b770d3e2a,0.06944108395838373,267000,37,9305000,/bsuhome/jessicabernardin/scratch/03_Exp1_metagenomics/03_Trim/DNA/paired/DNA9_P13_M01_WK9_2.trim.fastq.gz,DNA9_P13_M01_WK9,035cab9b,215354000,31,DNA,1000,215354,True,0.8076985832325618,0.9175564449126872,0.8626275140726245,0.9175564449126872,False,414,612481,1337536,d__Bacteria;p__Pseudomonadota;c__Alphaproteobacteria;o__Rhizobiales;f__Kaistiaceae;g__Kaistia;s__Kaistia sp017305815
611000,0.0028371890004364906,0.05154639175257732,0.0011840968823425616,0.0005771807263505431,3.0274509803921568,2.0,2.28962523103181,/bsuscratch/jessicabernardin/03_Exp1_metagenomics/13_sourmash/matches.zip,"GCA_004144595.1 Rhizobiales bacterium, ASM414459v1",8ec5a2b14317317cbd25fcbcdc158574,0.12350919749343037,255000,38,9050000,/bsuhome/jessicabernardin/scratch/03_Exp1_metagenomics/03_Trim/DNA/paired/DNA9_P13_M01_WK9_2.trim.fastq.gz,DNA9_P13_M01_WK9,035cab9b,215354000,31,DNA,1000,215354,True,0.8276278671195303,0.934759693311758,0.8811937802156442,0.934759693311758,False,772,613253,1337536,d__Bacteria;p__Pseudomonadota;c__Alphaproteobacteria;o__Rhizobiales;f__Beijerinckiaceae;g__Bosea;s__Bosea sp004144595
1902000,0.008831969687119813,0.0387378944079975,0.0011515922620429619,0.0003035432317335758,1.6370967741935485,1.0,0.9864785645804429,/bsuscratch/jessicabernardin/03_Exp1_metagenomics/13_sourmash/matches.zip,"GCF_016598535.1 Rhodococcus sp. P-2 strain=P-2, ASM1659853v1",02efd1fdc9ca703fbf9e1966b89ca463,0.2970946579194002,248000,39,8802000,/bsuhome/jessicabernardin/scratch/03_Exp1_metagenomics/03_Trim/DNA/paired/DNA9_P13_M01_WK9_2.trim.fastq.gz,DNA9_P13_M01_WK9,035cab9b,215354000,31,DNA,1000,215354,True,0.858506905036448,0.9616047674947259,0.910055836265587,0.9616047674947259,False,406,613659,1337536,d__Bacteria;p__Actinomycetota;c__Actinomycetia;o__Mycobacteriales;f__Mycobacteriaceae;g__Rhodococcus;s__Rhodococcus erythropolis_D
1905000,0.008845900238676783,0.05796749939364541,0.0011098006073720478,0.004673519067897986,26.15481171548117,22.0,17.09991215403886,/bsuscratch/jessicabernardin/03_Exp1_metagenomics/13_sourmash/matches.zip,"GCF_003051865.1 Microvirgula aerodenitrificans strain=BE2.4, ASM305186v1",5abc0ab3683078c92efd59102b08d882,0.4620422022798933,239000,40,8563000,/bsuhome/jessicabernardin/scratch/03_Exp1_metagenomics/03_Trim/DNA/paired/DNA9_P13_M01_WK9_2.trim.fastq.gz,DNA9_P13_M01_WK9,035cab9b,215354000,31,DNA,1000,215354,True,0.8585505527604076,0.9754011850093227,0.9169758688848652,0.9754011850093227,False,6251,619910,1337536,d__Bacteria;p__Pseudomonadota;c__Gammaproteobacteria;o__Burkholderiales;f__Aquaspirillaceae;g__Microvirgula;s__Microvirgula aerodenitrificans
3435000,0.015950481532732153,0.040841804886748705,0.001063365435515477,0.0005607325709364085,3.2751091703056767,3.0,2.2484037251405606,/bsuscratch/jessicabernardin/03_Exp1_metagenomics/13_sourmash/matches.zip,"GCF_016428845.1 Citrobacter sp. ASV29 strain=ASV29, ASM1642884v1",232b94266f57b1c18c7f2ee192cb4237,0.6126270733012306,229000,41,8334000,/bsuhome/jessicabernardin/scratch/03_Exp1_metagenomics/03_Trim/DNA/paired/DNA9_P13_M01_WK9_2.trim.fastq.gz,DNA9_P13_M01_WK9,035cab9b,215354000,31,DNA,1000,215354,True,0.8750340667077136,0.9843178499434962,0.9296759583256049,0.9843178499434962,False,750,620660,1337536,d__Bacteria;p__Pseudomonadota;c__Gammaproteobacteria;o__Enterobacterales;f__Enterobacteriaceae;g__Citrobacter;s__Citrobacter braakii
988000,0.004587794979429219,0.04137308039747064,0.001063365435515477,0.0002452270443561893,1.4323144104803494,1.0,0.7423580786026202,/bsuscratch/jessicabernardin/03_Exp1_metagenomics/13_sourmash/matches.zip,"GCF_017829775.1 Serratia fonticola strain=S62-1, ASM1782977v1",4c7d549847d1639ece2d3cc0c96b2fb4,0.1785004516711834,229000,42,8105000,/bsuhome/jessicabernardin/scratch/03_Exp1_metagenomics/03_Trim/DNA/paired/DNA9_P13_M01_WK9_2.trim.fastq.gz,DNA9_P13_M01_WK9,035cab9b,215354000,31,DNA,1000,215354,True,0.8405583582977529,0.9459307266648468,0.8932445424812998,0.9459307266648468,False,328,620988,1337536,d__Bacteria;p__Pseudomonadota;c__Gammaproteobacteria;o__Enterobacterales;f__Enterobacteriaceae;g__Serratia_A;s__Serratia_A fonticola
353000,0.0016391615665369578,0.04289911851126347,0.0010169302636589058,0.0019476111297191253,11.894977168949772,12.0,4.900183798102527,/bsuscratch/jessicabernardin/03_Exp1_metagenomics/13_sourmash/matches.zip,"GCF_010608115.1 Stenotrophomonas maltophilia strain=AS012638, ASM1060811v1",273d0401bf08885fa1b58ac5eb77caaa,0.06914789422135162,219000,43,7886000,/bsuhome/jessicabernardin/scratch/03_Exp1_metagenomics/03_Trim/DNA/paired/DNA9_P13_M01_WK9_2.trim.fastq.gz,DNA9_P13_M01_WK9,035cab9b,215354000,31,DNA,1000,215354,True,0.8131096009586272,0.9174312195858884,0.8652704102722577,0.9174312195858884,False,2605,623593,1337536,d__Bacteria;p__Pseudomonadota;c__Gammaproteobacteria;o__Xanthomonadales;f__Xanthomonadaceae;g__Stenotrophomonas;s__Stenotrophomonas maltophilia_AJ
1688000,0.007838257009389192,0.0272761240503176,0.0010169302636589058,0.0002728898511890521,1.6666666666666667,1.0,1.0037979627774223,/bsuscratch/jessicabernardin/03_Exp1_metagenomics/13_sourmash/matches.zip,"GCF_014170355.1 Cupriavidus sp. UME77 strain=UME77, ASM1417035v1",5fad2fe837d342615867701ba879cadf,0.2102378876572425,219000,44,7667000,/bsuhome/jessicabernardin/scratch/03_Exp1_metagenomics/03_Trim/DNA/paired/DNA9_P13_M01_WK9_2.trim.fastq.gz,DNA9_P13_M01_WK9,035cab9b,215354000,31,DNA,1000,215354,True,0.8552076887747929,0.950937485109775,0.903072586942284,0.950937485109775,False,365,623958,1337536,d__Bacteria;p__Pseudomonadota;c__Gammaproteobacteria;o__Burkholderiales;f__Burkholderiaceae;g__Cupriavidus;s__Cupriavidus basilensis
226000,0.0010494348839585055,0.041264944080215964,0.0009937126777306202,0.00021457366381166562,1.341121495327103,1.0,0.6560221775126341,/bsuscratch/jessicabernardin/03_Exp1_metagenomics/13_sourmash/matches.zip,"GCF_016428855.1 Pedobacter sp. ASV28 strain=ASV28, ASM1642885v1",a46911ec95fe3cc0cff4c0e2e36cf7f7,0.043578866178172,214000,45,7453000,/bsuhome/jessicabernardin/scratch/03_Exp1_metagenomics/03_Trim/DNA/paired/DNA9_P13_M01_WK9_2.trim.fastq.gz,DNA9_P13_M01_WK9,035cab9b,215354000,31,DNA,1000,215354,True,0.8014967952851147,0.9038693817133159,0.8526830884992154,0.9038693817133159,False,287,624245,1337536,d__Bacteria;p__Bacteroidota;c__Bacteroidia;o__Sphingobacteriales;f__Sphingobacteriaceae;g__Pedobacter;s__Pedobacter sp016428855
1376000,0.006389479647464175,0.029288702928870293,0.0009751386089879918,0.0002459746877841045,1.5666666666666667,1.0,0.9247050151693592,/bsuscratch/jessicabernardin/03_Exp1_metagenomics/13_sourmash/matches.zip,"GCF_016429135.1 Pseudomonas sp. ASV14 strain=ASV14, ASM1642913v1",e215c0d8e2c0be0dec99da0ca7cb2ceb,0.19191073919107393,210000,46,7243000,/bsuhome/jessicabernardin/scratch/03_Exp1_metagenomics/03_Trim/DNA/paired/DNA9_P13_M01_WK9_2.trim.fastq.gz,DNA9_P13_M01_WK9,035cab9b,215354000,31,DNA,1000,215354,True,0.8495883807606981,0.9481437143419795,0.8988660475513388,0.9481437143419795,False,329,624574,1337536,d__Bacteria;p__Pseudomonadota;c__Gammaproteobacteria;o__Pseudomonadales;f__Pseudomonadaceae;g__Pseudomonas_E;s__Pseudomonas_E fluorescens_AP
202000,0.0009379904715027351,0.04984740590030519,0.0009101293683887924,0.00026840399062156087,1.8316326530612246,1.0,1.15051868859716,/bsuscratch/jessicabernardin/03_Exp1_metagenomics/13_sourmash/matches.zip,"GCF_006385255.1 Flavobacterium microcysteis strain=MaA-Y11, ASM638525v1",c4f001a4d953423b31020d13caafdf95,0.05137334689725331,196000,47,7047000,/bsuhome/jessicabernardin/scratch/03_Exp1_metagenomics/03_Trim/DNA/paired/DNA9_P13_M01_WK9_2.trim.fastq.gz,DNA9_P13_M01_WK9,035cab9b,215354000,31,DNA,1000,215354,True,0.798599403565071,0.9086798521998326,0.8536396278824518,0.9086798521998326,False,359,624933,1337536,d__Bacteria;p__Bacteroidota;c__Bacteroidia;o__Flavobacteriales;f__Flavobacteriaceae;g__Flavobacterium;s__Flavobacterium microcysteis
1146000,0.005321470694763041,0.030709850646081557,0.0008497636449752501,0.00023401239293746113,1.710382513661202,1.0,1.0497209445055256,/bsuscratch/jessicabernardin/03_Exp1_metagenomics/13_sourmash/matches.zip,"GCA_017511425.1 Bosea sp., ASM1751142v1",f8867e3c78b69b53e0a65eeb6c04efeb,0.19231414666890417,183000,48,6864000,/bsuhome/jessicabernardin/scratch/03_Exp1_metagenomics/03_Trim/DNA/paired/DNA9_P13_M01_WK9_2.trim.fastq.gz,DNA9_P13_M01_WK9,035cab9b,215354000,31,DNA,1000,215354,True,0.8445904823244025,0.9482079410695523,0.8963992116969774,0.9482079410695523,False,313,625246,1337536,d__Bacteria;p__Pseudomonadota;c__Alphaproteobacteria;o__Rhizobiales;f__Beijerinckiaceae;g__Bosea;s__Bosea sp013823325
2259000,0.010489705322399399,0.033412452072302354,0.0008497636449752501,0.0002609275563424087,1.907103825136612,2.0,1.2400880566022092,/bsuscratch/jessicabernardin/03_Exp1_metagenomics/13_sourmash/matches.zip,"GCF_015671355.1 Serratia surfactantfaciens strain=D43t1_170807_G4, ASM1567135v1",aca427d357510f14bff72f5ed7bdecb0,0.4124520723023553,183000,49,6681000,/bsuhome/jessicabernardin/scratch/03_Exp1_metagenomics/03_Trim/DNA/paired/DNA9_P13_M01_WK9_2.trim.fastq.gz,DNA9_P13_M01_WK9,035cab9b,215354000,31,DNA,1000,215354,True,0.8632839257182209,0.9718353521879326,0.9175596389530767,0.9718353521879326,False,349,625595,1337536,d__Bacteria;p__Pseudomonadota;c__Gammaproteobacteria;o__Enterobacterales;f__Enterobacteriaceae;g__Serratia;s__Serratia surfactantfaciens
661000,0.003069364859719346,0.033891850723533894,0.0008265460590469645,0.00037531700081343603,2.8202247191011236,2.0,2.036530414522849,/bsuscratch/jessicabernardin/03_Exp1_metagenomics/13_sourmash/matches.zip,"GCF_900102525.1 Bosea robiniae strain=DSM 26672, IMG-taxon 2675903146 annotated assembly",8384d082371ac969a93227856aa5e20a,0.12585681645087585,178000,50,6503000,/bsuhome/jessicabernardin/scratch/03_Exp1_metagenomics/03_Trim/DNA/paired/DNA9_P13_M01_WK9_2.trim.fastq.gz,DNA9_P13_M01_WK9,035cab9b,215354000,31,DNA,1000,215354,True,0.8297304891927115,0.9353276344869533,0.8825290618398325,0.9353276344869533,False,502,626097,1337536,d__Bacteria;p__Pseudomonadota;c__Alphaproteobacteria;o__Rhizobiales;f__Beijerinckiaceae;g__Bosea;s__Bosea robiniae
423000,0.001964207769532955,0.03737024221453287,0.0007522497840764509,0.0011977247715201683,9.88888888888889,9.0,4.416579314300398,/bsuscratch/jessicabernardin/03_Exp1_metagenomics/13_sourmash/matches.zip,"GCF_014190775.1 Leifsonia aquatica strain=DSM 20146, ASM1419077v1",3f17e71ddc3a3bfe12ff985b37b703c4,0.09757785467128027,162000,51,6341000,/bsuhome/jessicabernardin/scratch/03_Exp1_metagenomics/03_Trim/DNA/paired/DNA9_P13_M01_WK9_2.trim.fastq.gz,DNA9_P13_M01_WK9,035cab9b,215354000,31,DNA,1000,215354,True,0.8178684690008754,0.927680500365167,0.8727744846830212,0.927680500365167,False,1602,627699,1337536,d__Bacteria;p__Actinomycetota;c__Actinomycetia;o__Actinomycetales;f__Microbacteriaceae;g__Leifsonia;s__Leifsonia aquatica
423000,0.001964207769532955,0.029958285930982178,0.0007336757153338225,0.0005128833915498349,4.341772151898734,4.0,3.0016285704043266,/bsuscratch/jessicabernardin/03_Exp1_metagenomics/13_sourmash/matches.zip,"GCA_001897045.1 Sphingomonas sp. 66-10, ASM189704v1",9906f424f5a98cc9235cba56fa33c3a4,0.08020477815699659,158000,52,6183000,/bsuhome/jessicabernardin/scratch/03_Exp1_metagenomics/03_Trim/DNA/paired/DNA9_P13_M01_WK9_2.trim.fastq.gz,DNA9_P13_M01_WK9,035cab9b,215354000,31,DNA,1000,215354,True,0.8178684690008754,0.9218316620454835,0.8698500655231794,0.9218316620454835,False,686,628385,1337536,d__Bacteria;p__Pseudomonadota;c__Alphaproteobacteria;o__Sphingomonadales;f__Sphingomonadaceae;g__Sphingomonas;s__Sphingomonas sp017849555
2298000,0.010670802492640026,0.027067388463692364,0.00067330999192028,0.00023102181922580027,2.1310344827586207,2.0,1.3300514504634418,/bsuscratch/jessicabernardin/03_Exp1_metagenomics/13_sourmash/matches.zip,"GCA_900471935.1 Rhizobiales bacterium, AFS079021",7a701fbd83d98d12df6edae2c6b88e56,0.4289714392383797,145000,53,6038000,/bsuhome/jessicabernardin/scratch/03_Exp1_metagenomics/03_Trim/DNA/paired/DNA9_P13_M01_WK9_2.trim.fastq.gz,DNA9_P13_M01_WK9,035cab9b,215354000,31,DNA,1000,215354,True,0.8637607276909682,0.973067238607046,0.9184139831490071,0.973067238607046,False,309,628694,1337536,d__Bacteria;p__Pseudomonadota;c__Alphaproteobacteria;o__Rhizobiales;f__Rhizobiaceae;g__Agrobacterium;s__Agrobacterium fabacearum
329000,0.0015277171540811873,0.02569593147751606,0.000668666474734623,0.0002130783769558352,1.9791666666666667,2.0,1.169453516723849,/bsuscratch/jessicabernardin/03_Exp1_metagenomics/13_sourmash/matches.zip,"GCA_002420705.1 Sphingobacterium sp. UBA5670, ASM242070v1",da30557c8e660ef1521dece35ccf57e3,0.05870806566738044,144000,54,5894000,/bsuhome/jessicabernardin/scratch/03_Exp1_metagenomics/03_Trim/DNA/paired/DNA9_P13_M01_WK9_2.trim.fastq.gz,DNA9_P13_M01_WK9,035cab9b,215354000,31,DNA,1000,215354,True,0.8112648807099689,0.9126002286935366,0.8619325547017528,0.9126002286935366,False,285,628979,1337536,d__Bacteria;p__Bacteroidota;c__Bacteroidia;o__Sphingobacteriales;f__Sphingobacteriaceae;g__Sphingobacterium;s__Sphingobacterium sp002420705
3635000,0.016879184969863573,0.022443890274314215,0.000668666474734623,0.002119569118139624,19.6875,20.0,6.8510631271520355,/bsuscratch/jessicabernardin/03_Exp1_metagenomics/13_sourmash/matches.zip,"GCF_006716215.1 Delftia sp. HK171 strain=HK171, ASM671621v1",b40c7f688b40ddf7992783c4156b162d,0.5665523690773068,144000,55,5750000,/bsuhome/jessicabernardin/scratch/03_Exp1_metagenomics/03_Trim/DNA/paired/DNA9_P13_M01_WK9_2.trim.fastq.gz,DNA9_P13_M01_WK9,035cab9b,215354000,31,DNA,1000,215354,True,0.8766329479458767,0.9818383738811274,0.929235660913502,0.9818383738811274,False,2835,631814,1337536,d__Bacteria;p__Pseudomonadota;c__Gammaproteobacteria;o__Burkholderiales;f__Burkholderiaceae_B;g__Comamonas;s__Comamonas acidovorans
1040000,0.004829257873083389,0.0220110847189232,0.0006454488888063375,0.00020934015981625916,2.014388489208633,2.0,1.4090438183994352,/bsuscratch/jessicabernardin/03_Exp1_metagenomics/13_sourmash/matches.zip,"GCF_007830445.1 Sphingobacterium siyangense strain=CGMCC 1.6855, ASM783044v1",46811c3d3db502cb14d0ab459fab5360,0.16468725257323832,139000,56,5611000,/bsuhome/jessicabernardin/scratch/03_Exp1_metagenomics/03_Trim/DNA/paired/DNA9_P13_M01_WK9_2.trim.fastq.gz,DNA9_P13_M01_WK9,035cab9b,215354000,31,DNA,1000,215354,True,0.8419503162503935,0.9434762392174245,0.8927132777339091,0.9434762392174245,False,280,632094,1337536,d__Bacteria;p__Bacteroidota;c__Bacteroidia;o__Sphingobacteriales;f__Sphingobacteriaceae;g__Sphingobacterium;s__Sphingobacterium siyangense
144000,0.000668666474734623,0.02145922746781116,0.000626874820063709,0.00014504282501555098,1.4370370370370371,1.0,0.7160323539907893,/bsuscratch/jessicabernardin/03_Exp1_metagenomics/13_sourmash/matches.zip,"GCF_900104955.1 Beijerinckia sp. 28-YEA-48 strain=28-YEA-48, IMG-taxon 2693429820 annotated assembly",a10d27a37c206388112465293dfaf575,0.022889842632331903,135000,57,5476000,/bsuhome/jessicabernardin/scratch/03_Exp1_metagenomics/03_Trim/DNA/paired/DNA9_P13_M01_WK9_2.trim.fastq.gz,DNA9_P13_M01_WK9,035cab9b,215354000,31,DNA,1000,215354,True,0.7899278119262633,0.8852893747310048,0.837608593328634,0.8852893747310048,False,194,632288,1337536,d__Bacteria;p__Pseudomonadota;c__Alphaproteobacteria;o__Rhizobiales;f__Beijerinckiaceae;g__28-YEA-48;s__28-YEA-48 sp900104955
617000,0.002865050103550433,0.025371287128712873,0.0005711526138358238,0.00024298411407244365,2.6422764227642275,2.0,1.9344127122919335,/bsuscratch/jessicabernardin/03_Exp1_metagenomics/13_sourmash/matches.zip,"GCF_000800935.1 Methylobacterium sp. ZNC0032 strain=ZNC0032, ZNC0032.1",f94f189bba798eccb013d364eb129644,0.12726897689768976,123000,58,5353000,/bsuhome/jessicabernardin/scratch/03_Exp1_metagenomics/03_Trim/DNA/paired/DNA9_P13_M01_WK9_2.trim.fastq.gz,DNA9_P13_M01_WK9,035cab9b,215354000,31,DNA,1000,215354,True,0.8278887996340694,0.9356643494184624,0.8817765745262659,0.9356643494184624,False,325,632613,1337536,d__Bacteria;p__Pseudomonadota;c__Alphaproteobacteria;o__Rhizobiales;f__Beijerinckiaceae;g__Bosea;s__Bosea sp011764485
1750000,0.008126155074899933,0.013723696248856358,0.0005572220622788524,0.00015401454615053352,1.7166666666666666,1.0,0.993171127695972,/bsuscratch/jessicabernardin/03_Exp1_metagenomics/13_sourmash/matches.zip,"GCF_008801925.2 Cupriavidus basilensis strain=CCUG 49340, ASM880192v2",f7e2f661c8c9b87d7a37d73721a9a03c,0.20013723696248856,120000,59,5233000,/bsuhome/jessicabernardin/scratch/03_Exp1_metagenomics/03_Trim/DNA/paired/DNA9_P13_M01_WK9_2.trim.fastq.gz,DNA9_P13_M01_WK9,035cab9b,215354000,31,DNA,1000,215354,True,0.8562033818752668,0.9494283383552611,0.9028158601152639,0.9494283383552611,False,206,632819,1337536,d__Bacteria;p__Pseudomonadota;c__Gammaproteobacteria;o__Burkholderiales;f__Burkholderiaceae;g__Cupriavidus;s__Cupriavidus basilensis
347000,0.0016113004634230152,0.024663212435233162,0.0005525785450931954,0.0010908117613282933,12.260504201680673,12.0,4.47488262814754,/bsuscratch/jessicabernardin/03_Exp1_metagenomics/13_sourmash/matches.zip,"GCF_002739745.1 Stenotrophomonas maltophilia strain=MS_2013, ASM273974v1",2e6734c2aade414fd180aa441ab41844,0.07191709844559585,119000,60,5114000,/bsuhome/jessicabernardin/scratch/03_Exp1_metagenomics/03_Trim/DNA/paired/DNA9_P13_M01_WK9_2.trim.fastq.gz,DNA9_P13_M01_WK9,035cab9b,215354000,31,DNA,1000,215354,True,0.8126600683933439,0.9185940287038908,0.8656270485486174,0.9185940287038908,False,1459,634278,1337536,d__Bacteria;p__Pseudomonadota;c__Gammaproteobacteria;o__Xanthomonadales;f__Xanthomonadaceae;g__Stenotrophomonas;s__Stenotrophomonas maltophilia
109000,0.0005061433732366244,0.020263989589142963,0.0005061433732366244,0.00017420091870424422,2.1376146788990824,2.0,1.593955842448102,/bsuscratch/jessicabernardin/03_Exp1_metagenomics/13_sourmash/matches.zip,"GCF_900143645.1 Anaerocolumna xylanovorans DSM 12503 strain=DSM 12503, IMG-taxon 2582580727 annotated assembly",209c236e1a1142e6563067e8adeba387,0.020263989589142963,109000,61,5005000,/bsuhome/jessicabernardin/scratch/03_Exp1_metagenomics/03_Trim/DNA/paired/DNA9_P13_M01_WK9_2.trim.fastq.gz,DNA9_P13_M01_WK9,035cab9b,215354000,31,DNA,1000,215354,True,0.7828638579936649,0.8818165071024249,0.8323401825480449,0.8818165071024249,False,233,634511,1337536,d__Bacteria;p__Bacillota_A;c__Clostridia;o__Lachnospirales;f__Lachnospiraceae;g__Anaerocolumna;s__Anaerocolumna xylanovorans
1851000,0.0085951503106513,0.016300284133393152,0.0005061433732366244,0.0001390616775922293,1.7064220183486238,1.0,1.051889974830172,/bsuscratch/jessicabernardin/03_Exp1_metagenomics/13_sourmash/matches.zip,"GCF_021497645.1 Rhodococcus erythropolis strain=D310-1, ASM2149764v1",2f62de42311825d5e9cf2f1e005f118c,0.27680574248541945,109000,62,4896000,/bsuhome/jessicabernardin/scratch/03_Exp1_metagenomics/03_Trim/DNA/paired/DNA9_P13_M01_WK9_2.trim.fastq.gz,DNA9_P13_M01_WK9,035cab9b,215354000,31,DNA,1000,215354,True,0.8577545201441482,0.9594131091411029,0.9085838146426255,0.9594131091411029,False,186,634697,1337536,d__Bacteria;p__Actinomycetota;c__Actinomycetia;o__Mycobacteriales;f__Mycobacteriaceae;g__Rhodococcus;s__Rhodococcus erythropolis_D
3412000,0.01584368063746204,0.01848642403235124,0.000445777649823082,0.00021382602038375043,2.9791666666666665,3.0,1.6136085767276056,/bsuscratch/jessicabernardin/03_Exp1_metagenomics/13_sourmash/matches.zip,"GCF_016504605.1 Citrobacter braakii strain=CB00064, ASM1650460v1",eaf68f6a7c2e0ee88043ebd4ee42ddea,0.6570383208164837,96000,63,4800000,/bsuhome/jessicabernardin/scratch/03_Exp1_metagenomics/03_Trim/DNA/paired/DNA9_P13_M01_WK9_2.trim.fastq.gz,DNA9_P13_M01_WK9,035cab9b,215354000,31,DNA,1000,215354,True,0.8748444505484315,0.9865425675618698,0.9306935090551507,0.9865425675618698,False,286,634983,1337536,d__Bacteria;p__Pseudomonadota;c__Gammaproteobacteria;o__Enterobacterales;f__Enterobacteriaceae;g__Citrobacter;s__Citrobacter braakii
357000,0.0016577356352795861,0.024573202276254525,0.0004411341326374249,0.00010392243648021437,1.4631578947368422,1.0,0.6929802353950648,/bsuscratch/jessicabernardin/03_Exp1_metagenomics/13_sourmash/matches.zip,"GCF_019395145.1 Brevundimonas nasdae strain=Au29, ASM1939514v1",ca40fec309cb4077752b147b3628ddba,0.09234350750129333,95000,64,4705000,/bsuhome/jessicabernardin/scratch/03_Exp1_metagenomics/03_Trim/DNA/paired/DNA9_P13_M01_WK9_2.trim.fastq.gz,DNA9_P13_M01_WK9,035cab9b,215354000,31,DNA,1000,215354,True,0.8134051996849236,0.9260320370603303,0.869718618372627,0.9260320370603303,False,139,635122,1337536,d__Bacteria;p__Pseudomonadota;c__Alphaproteobacteria;o__Caulobacterales;f__Caulobacteraceae;g__Brevundimonas;s__Brevundimonas nasdae
552000,0.0025632214864827214,0.019352210226115298,0.0004411341326374249,0.00016821977128092253,2.3684210526315788,2.0,1.508241440806913,/bsuscratch/jessicabernardin/03_Exp1_metagenomics/13_sourmash/matches.zip,"GCA_023393655.1 Proteobacteria bacterium, ASM2339365v1",735116dec48068e49c49fd38f3fd406c,0.1124465267875331,95000,65,4610000,/bsuhome/jessicabernardin/scratch/03_Exp1_metagenomics/03_Trim/DNA/paired/DNA9_P13_M01_WK9_2.trim.fastq.gz,DNA9_P13_M01_WK9,035cab9b,215354000,31,DNA,1000,215354,True,0.8249211830954872,0.9319344287533334,0.8784278059244104,0.9319344287533334,False,225,635347,1337536,d__Bacteria;p__Pseudomonadota;c__Alphaproteobacteria;o__Rhizobiales;f__Beijerinckiaceae;g__Bosea;s__Bosea sp023393655
3954000,0.01836046695208819,0.015114177755873173,0.0004272035810804536,0.00143323245131346,20.83695652173913,20.0,6.69567864195785,/bsuscratch/jessicabernardin/03_Exp1_metagenomics/13_sourmash/matches.zip,"GCA_002483375.1 Delftia acidovorans, ASM248337v1",35e5e4e4fa881e76842bb8c40fdef1aa,0.649581074420897,92000,66,4518000,/bsuhome/jessicabernardin/scratch/03_Exp1_metagenomics/03_Trim/DNA/paired/DNA9_P13_M01_WK9_2.trim.fastq.gz,DNA9_P13_M01_WK9,035cab9b,215354000,31,DNA,1000,215354,True,0.8790149249572905,0.9861793738806218,0.9325971494189562,0.9861793738806218,False,1917,637264,1337536,d__Bacteria;p__Pseudomonadota;c__Gammaproteobacteria;o__Burkholderiales;f__Burkholderiaceae_B;g__Comamonas;s__Comamonas acidovorans
105000,0.0004875693044939959,0.013818516812528788,0.0004179165467091394,9.94365759127231e-05,1.4777777777777779,1.0,0.6536696035592323,/bsuscratch/jessicabernardin/03_Exp1_metagenomics/13_sourmash/matches.zip,"GCA_023449855.1 Proteobacteria bacterium, ASM2344985v1",28d228260356d60b84784b4a93516e7c,0.016121602947950252,90000,67,4428000,/bsuhome/jessicabernardin/scratch/03_Exp1_metagenomics/03_Trim/DNA/paired/DNA9_P13_M01_WK9_2.trim.fastq.gz,DNA9_P13_M01_WK9,035cab9b,215354000,31,DNA,1000,215354,True,0.7819202546210169,0.8753353321458355,0.8286277933834262,0.8753353321458355,False,133,637397,1337536,d__Bacteria;p__Pseudomonadota;c__Alphaproteobacteria;o__Rhizobiales;f__Xanthobacteraceae;g__Tardiphaga;s__Tardiphaga sp023449855
341000,0.0015834393603090726,0.0194493006993007,0.00041327302952348226,0.0007416622804918896,11.146067415730338,11.0,4.9821040674874855,/bsuscratch/jessicabernardin/03_Exp1_metagenomics/13_sourmash/matches.zip,"GCF_003028475.1 Stenotrophomonas sp. Nf1 strain=Nf1, ASM302847v1",5ef3666710e409810bb2c5e2011b3cd8,0.07451923076923077,89000,68,4339000,/bsuhome/jessicabernardin/scratch/03_Exp1_metagenomics/03_Trim/DNA/paired/DNA9_P13_M01_WK9_2.trim.fastq.gz,DNA9_P13_M01_WK9,035cab9b,215354000,31,DNA,1000,215354,True,0.8122029498158861,0.9196478504983112,0.8659254001570986,0.9196478504983112,False,992,638389,1337536,d__Bacteria;p__Pseudomonadota;c__Gammaproteobacteria;o__Xanthomonadales;f__Xanthomonadaceae;g__Stenotrophomonas;s__Stenotrophomonas sp003028475
89000,0.00041327302952348226,0.021180390290337935,0.00041327302952348226,0.00013008995645724677,1.9550561797752808,2.0,1.3400495744607257,/bsuscratch/jessicabernardin/03_Exp1_metagenomics/13_sourmash/matches.zip,"GCA_002429845.1 Sporomusaceae bacterium UBA5989, ASM242984v1",2bcb932026fcd68d5689479f17320395,0.021180390290337935,89000,69,4250000,/bsuhome/jessicabernardin/scratch/03_Exp1_metagenomics/03_Trim/DNA/paired/DNA9_P13_M01_WK9_2.trim.fastq.gz,DNA9_P13_M01_WK9,035cab9b,215354000,31,DNA,1000,215354,True,0.777761348818739,0.8830755686089028,0.8304184587138209,0.8830755686089028,False,174,638563,1337536,d__Bacteria;p__Bacillota_C;c__Negativicutes;o__Sporomusales_C;f__DSM-15969;g__Anaerospora;s__Anaerospora sp002337925
1415000,0.006570576817704802,0.01272301842644048,0.00040398599515216807,9.794128905689267e-05,1.5057471264367817,1.0,0.7251407032454025,/bsuscratch/jessicabernardin/03_Exp1_metagenomics/13_sourmash/matches.zip,"GCF_013407925.2 Pseudomonas protegens strain=H1F5C, ASM1340792v2",c61fec04b32dbdf4801cbdf9e64ddfb8,0.20693185141854342,87000,70,4163000,/bsuhome/jessicabernardin/scratch/03_Exp1_metagenomics/03_Trim/DNA/paired/DNA9_P13_M01_WK9_2.trim.fastq.gz,DNA9_P13_M01_WK9,035cab9b,215354000,31,DNA,1000,215354,True,0.850354692880887,0.9504513990667196,0.9004030459738033,0.9504513990667196,False,131,638694,1337536,d__Bacteria;p__Pseudomonadota;c__Gammaproteobacteria;o__Pseudomonadales;f__Pseudomonadaceae;g__Pseudomonas_E;s__Pseudomonas_E fluorescens_AP
94000,0.00043649061545176777,0.015661566156615663,0.00040398599515216807,7.92502033590124e-05,1.2183908045977012,1.0,0.5124941795312172,/bsuscratch/jessicabernardin/03_Exp1_metagenomics/13_sourmash/matches.zip,"GCF_016429065.1 Pedobacter sp. ASV17 strain=ASV17, ASM1642906v1",f0ef73ff9c535b91c9776aab04acba60,0.01692169216921692,87000,71,4076000,/bsuhome/jessicabernardin/scratch/03_Exp1_metagenomics/03_Trim/DNA/paired/DNA9_P13_M01_WK9_2.trim.fastq.gz,DNA9_P13_M01_WK9,035cab9b,215354000,31,DNA,1000,215354,True,0.7791338875293965,0.8767040755957982,0.8279189815625974,0.8767040755957982,False,106,638800,1337536,d__Bacteria;p__Bacteroidota;c__Bacteroidia;o__Sphingobacteriales;f__Sphingobacteriaceae;g__Pedobacter;s__Pedobacter sp016429065
527000,0.0024471335568412938,0.01699078812691914,0.00038541192640953963,0.00015401454615053352,2.4819277108433737,2.0,1.7587060261284553,/bsuscratch/jessicabernardin/03_Exp1_metagenomics/13_sourmash/matches.zip,"GCA_017308015.1 Bosea sp., ASM1730801v1",4d9ab9bdc13c8c48f351d3d8b48c865f,0.10788126919140226,83000,72,3993000,/bsuhome/jessicabernardin/scratch/03_Exp1_metagenomics/03_Trim/DNA/paired/DNA9_P13_M01_WK9_2.trim.fastq.gz,DNA9_P13_M01_WK9,035cab9b,215354000,31,DNA,1000,215354,True,0.823688780960917,0.9306892791653987,0.8771890300631578,0.9306892791653987,False,206,639006,1337536,d__Bacteria;p__Pseudomonadota;c__Alphaproteobacteria;o__Rhizobiales;f__Beijerinckiaceae;g__Bosea;s__Bosea sp017308015
2287000,0.010619723803597797,0.013268608414239482,0.00038076840922388256,0.00013756639073639887,2.2439024390243905,2.0,1.4530118057177053,/bsuscratch/jessicabernardin/03_Exp1_metagenomics/13_sourmash/matches.zip,"GCF_001692425.1 Agrobacterium tumefaciens strain=15-174, ASM169242v1",bf32457cf7133a6feb1263d6ba51c710,0.37006472491909387,82000,73,3911000,/bsuhome/jessicabernardin/scratch/03_Exp1_metagenomics/03_Trim/DNA/paired/DNA9_P13_M01_WK9_2.trim.fastq.gz,DNA9_P13_M01_WK9,035cab9b,215354000,31,DNA,1000,215354,True,0.8636270428005928,0.9684416831771028,0.9160343629888478,0.9684416831771028,False,184,639190,1337536,d__Bacteria;p__Pseudomonadota;c__Alphaproteobacteria;o__Rhizobiales;f__Rhizobiaceae;g__Agrobacterium;s__Agrobacterium fabacearum
134000,0.000622231302878052,0.011374806909141975,0.00037612489203822544,0.00010915594047562084,1.8024691358024691,1.0,1.51876942622475,/bsuscratch/jessicabernardin/03_Exp1_metagenomics/13_sourmash/matches.zip,"GCA_017306585.1 Mesorhizobium sp., ASM1730658v1",e719824df945437d22cd9746b25e1930,0.018817581800308944,81000,74,3830000,/bsuhome/jessicabernardin/scratch/03_Exp1_metagenomics/03_Trim/DNA/paired/DNA9_P13_M01_WK9_2.trim.fastq.gz,DNA9_P13_M01_WK9,035cab9b,215354000,31,DNA,1000,215354,True,0.788095943520575,0.8797125104558248,0.8339042269881999,0.8797125104558248,False,146,639336,1337536,d__Bacteria;p__Pseudomonadota;c__Alphaproteobacteria;o__Rhizobiales;f__Rhizobiaceae;g__Mesorhizobium;s__Mesorhizobium sp017306585
83000,0.00038541192640953963,0.009215017064846417,0.00037612489203822544,0.00012111823532226423,2.0,1.0,2.018433569398328,/bsuscratch/jessicabernardin/03_Exp1_metagenomics/13_sourmash/matches.zip,"GCF_018224885.1 Chitinophaga sp. 2R12 strain=2R12, ASM1822488v1",dcfd50c5feb6998c6ef68e561092f9bc,0.00944254835039818,81000,75,3749000,/bsuhome/jessicabernardin/scratch/03_Exp1_metagenomics/03_Trim/DNA/paired/DNA9_P13_M01_WK9_2.trim.fastq.gz,DNA9_P13_M01_WK9,035cab9b,215354000,31,DNA,1000,215354,True,0.7760122074731638,0.8603601712396444,0.8181861893564041,0.8603601712396444,False,162,639498,1337536,d__Bacteria;p__Bacteroidota;c__Bacteroidia;o__Chitinophagales;f__Chitinophagaceae;g__Chitinophaga;s__Chitinophaga hostae
497000,0.002307828041271581,0.013308933621693561,0.0003714813748525683,0.00012111823532226423,2.025,2.0,1.1177544453054078,/bsuscratch/jessicabernardin/03_Exp1_metagenomics/13_sourmash/matches.zip,"GCA_002341965.1 Sphingobacterium sp. UBA2480, ASM234196v1",037aad880551c9412b33fcce8f946d3d,0.08268175012477125,80000,76,3669000,/bsuhome/jessicabernardin/scratch/03_Exp1_metagenomics/03_Trim/DNA/paired/DNA9_P13_M01_WK9_2.trim.fastq.gz,DNA9_P13_M01_WK9,035cab9b,215354000,31,DNA,1000,215354,True,0.8221329351238841,0.9227365658189534,0.8724347504714187,0.9227365658189534,False,162,639660,1337536,d__Bacteria;p__Bacteroidota;c__Bacteroidia;o__Sphingobacteriales;f__Sphingobacteriaceae;g__Sphingobacterium;s__Sphingobacterium multivorum
98000,0.0004550646841943962,0.014839547393804489,0.0003714813748525683,0.00010093186276855351,1.6875,1.0,0.9694553883495619,/bsuscratch/jessicabernardin/03_Exp1_metagenomics/13_sourmash/matches.zip,"GCF_000333455.1 Rhodopseudomonas sp. B29 strain=B29, ASM33345v1",a89855149451c8a4d1d6332ed595f281,0.018178445557410498,80000,77,3589000,/bsuhome/jessicabernardin/scratch/03_Exp1_metagenomics/03_Trim/DNA/paired/DNA9_P13_M01_WK9_2.trim.fastq.gz,DNA9_P13_M01_WK9,035cab9b,215354000,31,DNA,1000,215354,True,0.780181966342065,0.878732459610553,0.829457212976309,0.878732459610553,False,135,639795,1337536,d__Bacteria;p__Pseudomonadota;c__Alphaproteobacteria;o__Rhizobiales;f__Xanthobacteraceae;g__Rhodopseudomonas;s__Rhodopseudomonas sp000333455
2346000,0.010893691317551567,0.011617242433506572,0.00035290730610993993,0.001110998133882004,19.55263157894737,19.5,9.391197918154537,/bsuscratch/jessicabernardin/03_Exp1_metagenomics/13_sourmash/matches.zip,"GCF_009827015.1 Delftia sp. CH05 strain=CH05, ASM982701v1",b3d5181e9646ee122a9f6a51b9bf31c1,0.3586059309079792,76000,78,3513000,/bsuhome/jessicabernardin/scratch/03_Exp1_metagenomics/03_Trim/DNA/paired/DNA9_P13_M01_WK9_2.trim.fastq.gz,DNA9_P13_M01_WK9,035cab9b,215354000,31,DNA,1000,215354,True,0.8643369247837808,0.9674595623892583,0.9158982435865195,0.9674595623892583,False,1486,641281,1337536,d__Bacteria;p__Pseudomonadota;c__Gammaproteobacteria;o__Burkholderiales;f__Burkholderiaceae_B;g__Comamonas;s__Comamonas tsuruhatensis
284000,0.0013187588807266177,0.015429524603836531,0.0003436202717386257,0.0006317586965883535,11.41891891891892,11.0,5.37262016895968,/bsuscratch/jessicabernardin/03_Exp1_metagenomics/13_sourmash/matches.zip,"GCF_010894375.1 Stenotrophomonas sp. B1-1 strain=B1-1, ASM1089437v1",2541a8c58c038e8155a2b7188a0b633b,0.05921601334445371,74000,79,3439000,/bsuhome/jessicabernardin/scratch/03_Exp1_metagenomics/03_Trim/DNA/paired/DNA9_P13_M01_WK9_2.trim.fastq.gz,DNA9_P13_M01_WK9,035cab9b,215354000,31,DNA,1000,215354,True,0.8074248464477997,0.9128538749126253,0.8601393606802125,0.9128538749126253,False,845,642126,1337536,d__Bacteria;p__Pseudomonadota;c__Gammaproteobacteria;o__Xanthomonadales;f__Xanthomonadaceae;g__Stenotrophomonas;s__Stenotrophomonas sp003086695
435000,0.0020199299757608404,0.01007035453165954,0.0003389767545529686,8.448370735441888e-05,1.547945205479452,1.0,0.9072175720437506,/bsuscratch/jessicabernardin/03_Exp1_metagenomics/13_sourmash/matches.zip,"GCA_024231975.1 Bosea sp., ASM2423197v1",868b201522069b06b4359f24d0425544,0.06000827700372465,73000,80,3366000,/bsuhome/jessicabernardin/scratch/03_Exp1_metagenomics/03_Trim/DNA/paired/DNA9_P13_M01_WK9_2.trim.fastq.gz,DNA9_P13_M01_WK9,035cab9b,215354000,31,DNA,1000,215354,True,0.8186068321434372,0.9132453228844977,0.8659260775139674,0.9132453228844977,False,113,642239,1337536,d__Bacteria;p__Pseudomonadota;c__Alphaproteobacteria;o__Rhizobiales;f__Beijerinckiaceae;g__Bosea;s__Bosea sp024231975
175000,0.0008126155074899932,0.010185052359776216,0.0003296897201816544,0.00012784702617350114,2.408450704225352,1.0,3.32966802383937,/bsuscratch/jessicabernardin/03_Exp1_metagenomics/13_sourmash/matches.zip,"GCF_003019815.1 Variovorax sp. PMC12 strain=PMC12, ASM301981v1",858d233cd39fadce93b90575ac46cf31,0.02510400229522307,71000,81,3295000,/bsuhome/jessicabernardin/scratch/03_Exp1_metagenomics/03_Trim/DNA/paired/DNA9_P13_M01_WK9_2.trim.fastq.gz,DNA9_P13_M01_WK9,035cab9b,215354000,31,DNA,1000,215354,True,0.7949116727997594,0.8879301550767476,0.8414209139382535,0.8879301550767476,False,171,642410,1337536,d__Bacteria;p__Pseudomonadota;c__Gammaproteobacteria;o__Burkholderiales;f__Burkholderiaceae_B;g__Variovorax;s__Variovorax sp003019815
337000,0.001564865291566444,0.011997296383913484,0.0003296897201816544,0.00010541772333604479,1.9859154929577465,2.0,1.4290049502322018,/bsuscratch/jessicabernardin/03_Exp1_metagenomics/13_sourmash/matches.zip,"GCF_014764685.1 Bosea sp. SSUT16 strain=SSUT16, ASM1476468v1",6c41c928fb7bacd5aafb5d2a66318715,0.05694491382223724,71000,82,3224000,/bsuhome/jessicabernardin/scratch/03_Exp1_metagenomics/03_Trim/DNA/paired/DNA9_P13_M01_WK9_2.trim.fastq.gz,DNA9_P13_M01_WK9,035cab9b,215354000,31,DNA,1000,215354,True,0.81189385939186,0.9117030027189481,0.8617984310554041,0.9117030027189481,False,141,642551,1337536,d__Bacteria;p__Pseudomonadota;c__Alphaproteobacteria;o__Rhizobiales;f__Beijerinckiaceae;g__Bosea;s__Bosea sp000745475
344000,0.0015973699118660438,0.014021669853409816,0.00030647213425336885,0.0005958718120484234,12.075757575757576,11.0,5.0761193900895005,/bsuscratch/jessicabernardin/03_Exp1_metagenomics/13_sourmash/matches.zip,"GCA_024126805.1 Stenotrophomonas maltophilia strain=VE 193-12, ASM2412680v1",03b70b7e63768da76fc42b46680e5dfb,0.07308264287231782,66000,83,3158000,/bsuhome/jessicabernardin/scratch/03_Exp1_metagenomics/03_Trim/DNA/paired/DNA9_P13_M01_WK9_2.trim.fastq.gz,DNA9_P13_M01_WK9,035cab9b,215354000,31,DNA,1000,215354,True,0.81243247359265,0.9190705425204941,0.8657515080565721,0.9190705425204941,False,797,643348,1337536,d__Bacteria;p__Pseudomonadota;c__Gammaproteobacteria;o__Xanthomonadales;f__Xanthomonadaceae;g__Stenotrophomonas;s__Stenotrophomonas lactitubi
1863000,0.008650872516879186,0.009198606271777003,0.00030647213425336885,8.59789942102493e-05,1.7424242424242424,2.0,0.8036018549197649,/bsuscratch/jessicabernardin/03_Exp1_metagenomics/13_sourmash/matches.zip,"GCF_002303875.1 Rhodococcus erythropolis strain=ACN1, ASM230387v1",8177461571b369f4ccb4366e9ec44ff2,0.25965156794425087,66000,84,3092000,/bsuhome/jessicabernardin/scratch/03_Exp1_metagenomics/03_Trim/DNA/paired/DNA9_P13_M01_WK9_2.trim.fastq.gz,DNA9_P13_M01_WK9,035cab9b,215354000,31,DNA,1000,215354,True,0.8579333407001921,0.9574351895041012,0.9076842651021466,0.9574351895041012,False,115,643463,1337536,d__Bacteria;p__Actinomycetota;c__Actinomycetia;o__Mycobacteriales;f__Mycobacteriaceae;g__Rhodococcus;s__Rhodococcus erythropolis_D
2150000,0.009983561949162775,0.01247840276444615,0.0003018286170677118,8.149313364275802e-05,1.676923076923077,2.0,0.7865737249947211,/bsuscratch/jessicabernardin/03_Exp1_metagenomics/13_sourmash/matches.zip,"GCF_009707615.1 Serratia sp. YC16 strain=YC16, ASM970761v1",2f11bd04479cb3c22ee3cce1c1b993fd,0.4127471683624496,65000,85,3027000,/bsuhome/jessicabernardin/scratch/03_Exp1_metagenomics/03_Trim/DNA/paired/DNA9_P13_M01_WK9_2.trim.fastq.gz,DNA9_P13_M01_WK9,035cab9b,215354000,31,DNA,1000,215354,True,0.8619078241577048,0.9718577739951891,0.916882799076447,0.9718577739951891,False,109,643572,1337536,d__Bacteria;p__Pseudomonadota;c__Gammaproteobacteria;o__Enterobacterales;f__Enterobacteriaceae;g__Serratia;s__Serratia surfactantfaciens
3683000,0.017102073794775116,0.010296214161254555,0.0003018286170677118,0.0010594107373558543,21.8,21.0,7.577700077301718,/bsuscratch/jessicabernardin/03_Exp1_metagenomics/13_sourmash/matches.zip,"GCF_900215545.1 Delftia acidovorans strain=ATCC 11299b, IMG-taxon 2667527212 annotated assembly",394a77cccaf91070dd1abea7d4473f8b,0.5833993347061619,65000,86,2962000,/bsuhome/jessicabernardin/scratch/03_Exp1_metagenomics/03_Trim/DNA/paired/DNA9_P13_M01_WK9_2.trim.fastq.gz,DNA9_P13_M01_WK9,035cab9b,215354000,31,DNA,1000,215354,True,0.8770039984679742,0.9827668842073151,0.9298854413376446,0.9827668842073151,False,1417,644989,1337536,d__Bacteria;p__Pseudomonadota;c__Gammaproteobacteria;o__Burkholderiales;f__Burkholderiaceae_B;g__Comamonas;s__Comamonas acidovorans
1048000,0.004866406010568645,0.010915492957746478,0.00028789806551074047,8.448370735441888e-05,1.8225806451612903,1.0,1.0704866778093625,/bsuscratch/jessicabernardin/03_Exp1_metagenomics/13_sourmash/matches.zip,"GCA_002428125.1 Sphingobacterium sp. UBA6004, ASM242812v1",dd913f6a3618937c43779c20acba4c16,0.18450704225352113,62000,87,2900000,/bsuhome/jessicabernardin/scratch/03_Exp1_metagenomics/03_Trim/DNA/paired/DNA9_P13_M01_WK9_2.trim.fastq.gz,DNA9_P13_M01_WK9,035cab9b,215354000,31,DNA,1000,215354,True,0.8421584632052477,0.9469411690811079,0.8945498161431777,0.9469411690811079,False,113,645102,1337536,d__Bacteria;p__Bacteroidota;c__Bacteroidia;o__Sphingobacteriales;f__Sphingobacteriaceae;g__Sphingobacterium;s__Sphingobacterium siyangense
777000,0.0036080128532555698,0.013683513573162658,0.00028789806551074047,0.001355477534810278,29.241935483870968,32.0,15.509295322973012,/bsuscratch/jessicabernardin/03_Exp1_metagenomics/13_sourmash/matches.zip,"GCF_020404615.1 Aquitalea sp. MWU13-2470 strain=MWU14-2470, ASM2040461v1",28b23d2a228dcedaafcce128394d29e8,0.17148532332818361,62000,88,2838000,/bsuhome/jessicabernardin/scratch/03_Exp1_metagenomics/03_Trim/DNA/paired/DNA9_P13_M01_WK9_2.trim.fastq.gz,DNA9_P13_M01_WK9,035cab9b,215354000,31,DNA,1000,215354,True,0.8340694148514317,0.9447081102574656,0.8893887625544487,0.9447081102574656,False,1813,646915,1337536,d__Bacteria;p__Pseudomonadota;c__Gammaproteobacteria;o__Burkholderiales;f__Chromobacteriaceae;g__Aquitalea;s__Aquitalea sp003693445
206000,0.0009565645402453634,0.01345390383767093,0.00028325454832508335,0.00045456720417244844,9.967213114754099,9.0,4.368168063762043,/bsuscratch/jessicabernardin/03_Exp1_metagenomics/13_sourmash/matches.zip,"GCF_000633535.1 Leifsonia aquatica H1aii strain=H1aii, ASM63353v1",3a7231599a698894c21d6ff8b9b36f92,0.04543449492721659,61000,89,2777000,/bsuhome/jessicabernardin/scratch/03_Exp1_metagenomics/03_Trim/DNA/paired/DNA9_P13_M01_WK9_2.trim.fastq.gz,DNA9_P13_M01_WK9,035cab9b,215354000,31,DNA,1000,215354,True,0.799104702503884,0.9050860296365176,0.8520953660702009,0.9050860296365176,False,608,647523,1337536,d__Bacteria;p__Actinomycetota;c__Actinomycetia;o__Actinomycetales;f__Microbacteriaceae;g__Leifsonia;s__Leifsonia aquatica_A
1750000,0.008126155074899933,0.010132890365448505,0.00028325454832508335,0.00011812766161060338,2.5901639344262297,2.0,1.6925782949692203,/bsuscratch/jessicabernardin/03_Exp1_metagenomics/13_sourmash/matches.zip,"GCF_013318215.1 Agrobacterium tumefaciens strain=AF82/95, ASM1331821v1",b370fc170b90e9379118947e14a0ebce,0.29069767441860467,61000,90,2716000,/bsuhome/jessicabernardin/scratch/03_Exp1_metagenomics/03_Trim/DNA/paired/DNA9_P13_M01_WK9_2.trim.fastq.gz,DNA9_P13_M01_WK9,035cab9b,215354000,31,DNA,1000,215354,True,0.8562033818752668,0.9609298030323581,0.9085665924538124,0.9609298030323581,False,158,647681,1337536,d__Bacteria;p__Pseudomonadota;c__Alphaproteobacteria;o__Rhizobiales;f__Rhizobiaceae;g__Agrobacterium;s__Agrobacterium fabacearum
140000,0.0006500924059919946,0.007544836116264688,0.00028325454832508335,6.354969137279296e-05,1.3934426229508197,1.0,0.6842175985150559,/bsuscratch/jessicabernardin/03_Exp1_metagenomics/13_sourmash/matches.zip,"GCF_003253745.1 Mesorhizobium kowhaii strain=Ach-343, ASM325374v1",731065139d989232e86272488ac8e80d,0.017316017316017316,61000,91,2655000,/bsuhome/jessicabernardin/scratch/03_Exp1_metagenomics/03_Trim/DNA/paired/DNA9_P13_M01_WK9_2.trim.fastq.gz,DNA9_P13_M01_WK9,035cab9b,215354000,31,DNA,1000,215354,True,0.7892103005969094,0.8773557815227082,0.8332830410598089,0.8773557815227082,False,85,647766,1337536,d__Bacteria;p__Pseudomonadota;c__Alphaproteobacteria;o__Rhizobiales;f__Rhizobiaceae;g__Mesorhizobium;s__Mesorhizobium kowhaii
726000,0.0033711934767870575,0.007938799076212472,0.0002553934452111407,7.551198621943633e-05,1.8363636363636364,1.0,1.2470129599623454,/bsuscratch/jessicabernardin/03_Exp1_metagenomics/13_sourmash/matches.zip,"GCF_000469645.1 Rhodococcus rhodochrous ATCC 17895 strain=ATCC 17895, ASM46964v1",2994b0eb4fb6dfdd752a285df4e294ce,0.10479214780600461,55000,92,2600000,/bsuhome/jessicabernardin/scratch/03_Exp1_metagenomics/03_Trim/DNA/paired/DNA9_P13_M01_WK9_2.trim.fastq.gz,DNA9_P13_M01_WK9,035cab9b,215354000,31,DNA,1000,215354,True,0.8322447925055773,0.9298174691888497,0.8810311308472134,0.9298174691888497,False,101,647867,1337536,d__Bacteria;p__Actinomycetota;c__Actinomycetia;o__Mycobacteriales;f__Mycobacteriaceae;g__Rhodococcus;s__Rhodococcus erythropolis
855000,0.003970207193736824,0.007998769420089216,0.00024146289365416942,5.756854394947127e-05,1.4807692307692308,1.0,0.8201872350821585,/bsuscratch/jessicabernardin/03_Exp1_metagenomics/13_sourmash/matches.zip,"GCA_001302245.1 Chitinophagaceae bacterium PMP191F strain=PMP191F, ASM130224v1",7e3040820a2294bca9d5bdcd813cdf0e,0.13151822796492849,52000,93,2548000,/bsuhome/jessicabernardin/scratch/03_Exp1_metagenomics/03_Trim/DNA/paired/DNA9_P13_M01_WK9_2.trim.fastq.gz,DNA9_P13_M01_WK9,035cab9b,215354000,31,DNA,1000,215354,True,0.8366471969978305,0.9366561562296883,0.8866516766137594,0.9366561562296883,False,77,647944,1337536,d__Bacteria;p__Bacteroidota;c__Bacteroidia;o__Chitinophagales;f__Chitinophagaceae;g__PMP191F;s__PMP191F sp001302245
173000,0.000803328473118679,0.012333965844402278,0.00024146289365416942,7.252141250777549e-05,1.8653846153846154,2.0,1.0195935493701203,/bsuscratch/jessicabernardin/03_Exp1_metagenomics/13_sourmash/matches.zip,"GCA_023434095.1 Proteobacteria bacterium, ASM2343409v1",d21ddb9341d1e7036bc82d4e03af4436,0.04103415559772296,52000,94,2496000,/bsuhome/jessicabernardin/scratch/03_Exp1_metagenomics/03_Trim/DNA/paired/DNA9_P13_M01_WK9_2.trim.fastq.gz,DNA9_P13_M01_WK9,035cab9b,215354000,31,DNA,1000,215354,True,0.7946169849724822,0.9021167738086547,0.8483668793905685,0.9021167738086547,False,97,648041,1337536,d__Bacteria;p__Pseudomonadota;c__Alphaproteobacteria;o__Rhizobiales;f__Xanthobacteraceae;g__Ancylobacter;s__Ancylobacter sp023434095
272000,0.0012630366744987324,0.01155802126675913,0.0002321758592828552,0.000410456241925451,10.98,9.5,4.839380125594599,/bsuscratch/jessicabernardin/03_Exp1_metagenomics/13_sourmash/matches.zip,"GCA_002425625.1 Stenotrophomonas maltophilia, ASM242562v1",3c07725828456dd497b59f5f351c2fe2,0.06287563569116968,50000,95,2446000,/bsuhome/jessicabernardin/scratch/03_Exp1_metagenomics/03_Trim/DNA/paired/DNA9_P13_M01_WK9_2.trim.fastq.gz,DNA9_P13_M01_WK9,035cab9b,215354000,31,DNA,1000,215354,True,0.8063011682930933,0.9146214184210515,0.8604612933570723,0.9146214184210515,False,549,648590,1337536,d__Bacteria;p__Pseudomonadota;c__Gammaproteobacteria;o__Xanthomonadales;f__Xanthomonadaceae;g__Stenotrophomonas;s__Stenotrophomonas sp003086775
